{
  "hash": "8d747f6c",
  "configHash": "c0c9e292",
  "lockfileHash": "7ce81962",
  "browserHash": "4375f052",
  "optimized": {
    "@angular/animations": {
      "src": "../../../../../../node_modules/@angular/animations/fesm2022/animations.mjs",
      "file": "@angular_animations.js",
      "fileHash": "3bbb86ed",
      "needsInterop": false
    },
    "@angular/common": {
      "src": "../../../../../../node_modules/@angular/common/fesm2022/common.mjs",
      "file": "@angular_common.js",
      "fileHash": "bd25384e",
      "needsInterop": false
    },
    "@angular/common/http": {
      "src": "../../../../../../node_modules/@angular/common/fesm2022/http.mjs",
      "file": "@angular_common_http.js",
      "fileHash": "0cd4453b",
      "needsInterop": false
    },
    "@angular/core": {
      "src": "../../../../../../node_modules/@angular/core/fesm2022/core.mjs",
      "file": "@angular_core.js",
      "fileHash": "73477d61",
      "needsInterop": false
    },
    "@angular/forms": {
      "src": "../../../../../../node_modules/@angular/forms/fesm2022/forms.mjs",
      "file": "@angular_forms.js",
      "fileHash": "a8838a97",
      "needsInterop": false
    },
    "@angular/google-maps": {
      "src": "../../../../../../node_modules/@angular/google-maps/fesm2022/google-maps.mjs",
      "file": "@angular_google-maps.js",
      "fileHash": "99f64148",
      "needsInterop": false
    },
    "@angular/material/autocomplete": {
      "src": "../../../../../../node_modules/@angular/material/fesm2022/autocomplete.mjs",
      "file": "@angular_material_autocomplete.js",
      "fileHash": "94f9a41c",
      "needsInterop": false
    },
    "@angular/material/button": {
      "src": "../../../../../../node_modules/@angular/material/fesm2022/button.mjs",
      "file": "@angular_material_button.js",
      "fileHash": "59230173",
      "needsInterop": false
    },
    "@angular/material/checkbox": {
      "src": "../../../../../../node_modules/@angular/material/fesm2022/checkbox.mjs",
      "file": "@angular_material_checkbox.js",
      "fileHash": "18f59ae6",
      "needsInterop": false
    },
    "@angular/material/core": {
      "src": "../../../../../../node_modules/@angular/material/fesm2022/core.mjs",
      "file": "@angular_material_core.js",
      "fileHash": "975cfef1",
      "needsInterop": false
    },
    "@angular/material/form-field": {
      "src": "../../../../../../node_modules/@angular/material/fesm2022/form-field.mjs",
      "file": "@angular_material_form-field.js",
      "fileHash": "fec2b365",
      "needsInterop": false
    },
    "@angular/material/input": {
      "src": "../../../../../../node_modules/@angular/material/fesm2022/input.mjs",
      "file": "@angular_material_input.js",
      "fileHash": "c9c2e1cd",
      "needsInterop": false
    },
    "@angular/material/select": {
      "src": "../../../../../../node_modules/@angular/material/fesm2022/select.mjs",
      "file": "@angular_material_select.js",
      "fileHash": "1abe3ffb",
      "needsInterop": false
    },
    "@angular/material/tabs": {
      "src": "../../../../../../node_modules/@angular/material/fesm2022/tabs.mjs",
      "file": "@angular_material_tabs.js",
      "fileHash": "950355f7",
      "needsInterop": false
    },
    "@angular/platform-browser": {
      "src": "../../../../../../node_modules/@angular/platform-browser/fesm2022/platform-browser.mjs",
      "file": "@angular_platform-browser.js",
      "fileHash": "b4e93dc7",
      "needsInterop": false
    },
    "@angular/platform-browser/animations": {
      "src": "../../../../../../node_modules/@angular/platform-browser/fesm2022/animations.mjs",
      "file": "@angular_platform-browser_animations.js",
      "fileHash": "ac9e97dc",
      "needsInterop": false
    },
    "@ng-bootstrap/ng-bootstrap": {
      "src": "../../../../../../node_modules/@ng-bootstrap/ng-bootstrap/fesm2022/ng-bootstrap.mjs",
      "file": "@ng-bootstrap_ng-bootstrap.js",
      "fileHash": "3ecb7c50",
      "needsInterop": false
    },
    "highcharts": {
      "src": "../../../../../../node_modules/highcharts/highcharts.js",
      "file": "highcharts.js",
      "fileHash": "d32f1281",
      "needsInterop": true
    },
    "highcharts-angular": {
      "src": "../../../../../../node_modules/highcharts-angular/fesm2022/highcharts-angular.mjs",
      "file": "highcharts-angular.js",
      "fileHash": "e2821676",
      "needsInterop": false
    },
    "highcharts/highcharts-more": {
      "src": "../../../../../../node_modules/highcharts/highcharts-more.js",
      "file": "highcharts_highcharts-more.js",
      "fileHash": "ba529c7c",
      "needsInterop": true
    },
    "highcharts/modules/windbarb": {
      "src": "../../../../../../node_modules/highcharts/modules/windbarb.js",
      "file": "highcharts_modules_windbarb.js",
      "fileHash": "bcd5ce56",
      "needsInterop": true
    },
    "rxjs": {
      "src": "../../../../../../node_modules/rxjs/dist/esm5/index.js",
      "file": "rxjs.js",
      "fileHash": "d3013691",
      "needsInterop": false
    },
    "rxjs/operators": {
      "src": "../../../../../../node_modules/rxjs/dist/esm5/operators/index.js",
      "file": "rxjs_operators.js",
      "fileHash": "6d86c154",
      "needsInterop": false
    },
    "uuid": {
      "src": "../../../../../../node_modules/uuid/dist/esm-browser/index.js",
      "file": "uuid.js",
      "fileHash": "bf136659",
      "needsInterop": false
    }
  },
  "chunks": {
    "chunk-C5K3SCLN": {
      "file": "chunk-C5K3SCLN.js"
    },
    "chunk-C3NEDJQA": {
      "file": "chunk-C3NEDJQA.js"
    },
    "chunk-VTZI47DQ": {
      "file": "chunk-VTZI47DQ.js"
    },
    "chunk-Y3KS2HIU": {
      "file": "chunk-Y3KS2HIU.js"
    },
    "chunk-RIDFDC2Z": {
      "file": "chunk-RIDFDC2Z.js"
    },
    "chunk-SMGDHCA7": {
      "file": "chunk-SMGDHCA7.js"
    },
    "chunk-BVQFRXNG": {
      "file": "chunk-BVQFRXNG.js"
    },
    "chunk-4ACFFSE2": {
      "file": "chunk-4ACFFSE2.js"
    },
    "chunk-5T5CQPEG": {
      "file": "chunk-5T5CQPEG.js"
    },
    "chunk-TTAMARSV": {
      "file": "chunk-TTAMARSV.js"
    },
    "chunk-M4ZQSH5N": {
      "file": "chunk-M4ZQSH5N.js"
    },
    "chunk-5OPE3T2R": {
      "file": "chunk-5OPE3T2R.js"
    },
    "chunk-4N4GOYJH": {
      "file": "chunk-4N4GOYJH.js"
    },
    "chunk-FHTVLBLO": {
      "file": "chunk-FHTVLBLO.js"
    },
    "chunk-3OV72XIM": {
      "file": "chunk-3OV72XIM.js"
    }
  }
}